route,locale,routeKind,section,indexability,sourceFile,originalPriority,finalDisposition,conceptId,conceptRole,reason
/,en-US,build-exact,home,indexable-candidate,src/app/(en)/page.tsx,P0,P0_SOURCE,de-home,source,Source route for locked P0 concept de-home
/about,en-US,build-exact,trust-support,indexable-candidate,src/app/(en)/about/page.tsx,P0,P0_SOURCE,de-about,source,Source route for locked P0 concept de-about
/account,en-US,build-exact,private-app,private-route,src/app/(en)/account/page.tsx,EXCLUDE,EXCLUDE_PRIVATE_OR_TECHNICAL,,,"Private, account, API or technical route outside public German launch"
/account/activity,en-US,build-exact,private-app,private-route,src/app/(en)/account/activity/page.tsx,EXCLUDE,EXCLUDE_PRIVATE_OR_TECHNICAL,,,"Private, account, API or technical route outside public German launch"
/account/library,en-US,build-exact,private-app,private-route,src/app/(en)/account/library/page.tsx,EXCLUDE,EXCLUDE_PRIVATE_OR_TECHNICAL,,,"Private, account, API or technical route outside public German launch"
/account/preferences,en-US,build-exact,private-app,private-route,src/app/(en)/account/preferences/page.tsx,EXCLUDE,EXCLUDE_PRIVATE_OR_TECHNICAL,,,"Private, account, API or technical route outside public German launch"
/account/profile,en-US,build-exact,private-app,private-route,src/app/(en)/account/profile/page.tsx,EXCLUDE,EXCLUDE_PRIVATE_OR_TECHNICAL,,,"Private, account, API or technical route outside public German launch"
/account/progress,en-US,build-exact,private-app,private-route,src/app/(en)/account/progress/page.tsx,EXCLUDE,EXCLUDE_PRIVATE_OR_TECHNICAL,,,"Private, account, API or technical route outside public German launch"
/account/security,en-US,build-exact,private-app,private-route,src/app/(en)/account/security/page.tsx,EXCLUDE,EXCLUDE_PRIVATE_OR_TECHNICAL,,,"Private, account, API or technical route outside public German launch"
/account/session-player/[slug],en-US,source-dynamic-pattern,private-app,private-route,src/app/(en)/account/session-player/[slug]/page.tsx,EXCLUDE,TEMPLATE_INFRASTRUCTURE,,,Dynamic route template; exact generated pages are classified separately
/account/sessions,en-US,build-exact,private-app,private-route,src/app/(en)/account/sessions/page.tsx,EXCLUDE,EXCLUDE_PRIVATE_OR_TECHNICAL,,,"Private, account, API or technical route outside public German launch"
/account/sessions/[slug],en-US,source-dynamic-pattern,private-app,private-route,src/app/(en)/account/sessions/[slug]/page.tsx,EXCLUDE,TEMPLATE_INFRASTRUCTURE,,,Dynamic route template; exact generated pages are classified separately
/account/today,en-US,build-exact,private-app,private-route,src/app/(en)/account/today/page.tsx,EXCLUDE,EXCLUDE_PRIVATE_OR_TECHNICAL,,,"Private, account, API or technical route outside public German launch"
/admin,en-US,build-exact,private-app,private-route,src/app/(en)/admin/page.tsx,EXCLUDE,EXCLUDE_PRIVATE_OR_TECHNICAL,,,"Private, account, API or technical route outside public German launch"
/admin/pages,en-US,build-exact,private-app,private-route,src/app/(en)/admin/pages/page.tsx,EXCLUDE,EXCLUDE_PRIVATE_OR_TECHNICAL,,,"Private, account, API or technical route outside public German launch"
/admin/pages/about,en-US,build-exact,trust-support,private-route,src/app/(en)/admin/pages/about/page.tsx,EXCLUDE,EXCLUDE_PRIVATE_OR_TECHNICAL,,,"Private, account, API or technical route outside public German launch"
/admin/pages/app,en-US,build-exact,commercial,private-route,src/app/(en)/admin/pages/app/page.tsx,EXCLUDE,EXCLUDE_PRIVATE_OR_TECHNICAL,,,"Private, account, API or technical route outside public German launch"
/admin/pages/homepage,en-US,build-exact,private-app,private-route,src/app/(en)/admin/pages/homepage/page.tsx,EXCLUDE,EXCLUDE_PRIVATE_OR_TECHNICAL,,,"Private, account, API or technical route outside public German launch"
/admin/pages/how-it-works,en-US,build-exact,commercial,private-route,src/app/(en)/admin/pages/how-it-works/page.tsx,EXCLUDE,EXCLUDE_PRIVATE_OR_TECHNICAL,,,"Private, account, API or technical route outside public German launch"
/admin/pages/product,en-US,build-exact,commercial,private-route,src/app/(en)/admin/pages/product/page.tsx,EXCLUDE,EXCLUDE_PRIVATE_OR_TECHNICAL,,,"Private, account, API or technical route outside public German launch"
/admin/pages/support,en-US,build-exact,trust-support,private-route,src/app/(en)/admin/pages/support/page.tsx,EXCLUDE,EXCLUDE_PRIVATE_OR_TECHNICAL,,,"Private, account, API or technical route outside public German launch"
/api/launch-list,en-US,build-exact-unmapped,private-app,private-route,,EXCLUDE,EXCLUDE_PRIVATE_OR_TECHNICAL,,,"Private, account, API or technical route outside public German launch"
/api/shopify/cart,en-US,build-exact-unmapped,private-app,private-route,,EXCLUDE,EXCLUDE_PRIVATE_OR_TECHNICAL,,,"Private, account, API or technical route outside public German launch"
/api/shopify/status,en-US,build-exact-unmapped,private-app,private-route,,EXCLUDE,EXCLUDE_PRIVATE_OR_TECHNICAL,,,"Private, account, API or technical route outside public German launch"
/app,en-US,build-exact,commercial,indexable-candidate,src/app/(en)/app/page.tsx,P0,P0_SOURCE,de-app,source,Source route for locked P0 concept de-app
/conditions,en-US,build-exact,conditions,indexable-candidate,src/app/(en)/conditions/page.tsx,P2,P2_QUEUE,,,Public exact route retained for post-launch German prioritization
/conditions/anxiety,en-US,build-exact,conditions,indexable-candidate,src/app/(en)/conditions/anxiety/page.tsx,P2,P2_QUEUE,,,Public exact route retained for post-launch German prioritization
/conditions/burnout,en-US,build-exact,conditions,indexable-candidate,src/app/(en)/conditions/burnout/page.tsx,P2,P2_QUEUE,,,Public exact route retained for post-launch German prioritization
/conditions/sleep,en-US,build-exact,conditions,indexable-candidate,src/app/(en)/conditions/sleep/page.tsx,P2,P2_QUEUE,,,Public exact route retained for post-launch German prioritization
/conditions/stress,en-US,build-exact,conditions,indexable-candidate,src/app/(en)/conditions/stress/page.tsx,P2,P2_QUEUE,,,Public exact route retained for post-launch German prioritization
/continue,en-US,build-exact,private-app,private-route,src/app/(en)/continue/page.tsx,EXCLUDE,EXCLUDE_PRIVATE_OR_TECHNICAL,,,"Private, account, API or technical route outside public German launch"
/get-started,en-US,build-exact,commercial,indexable-candidate,src/app/(en)/get-started/page.tsx,P0,DE_HOLD_PRIVATE_JOURNEY,,,Leads to English-only signup/login account journey
/glossary,en-US,build-exact,glossary,indexable-candidate,src/app/(en)/glossary/page.tsx,P2,P1_SOURCE,de-glossary-hub,source,Source route for locked P1 concept de-glossary-hub
/glossary/[slug],en-US,source-dynamic-pattern,glossary,indexable-candidate,src/app/(en)/glossary/[slug]/page.tsx,P2,TEMPLATE_INFRASTRUCTURE,,,Dynamic route template; exact generated pages are classified separately
/glossary/adverse-event,en-US,build-exact,glossary,indexable-candidate,src/app/(en)/glossary/[slug]/page.tsx,P2,P2_QUEUE,,,Public exact route retained for post-launch German prioritization
/glossary/auricular-branch-of-the-vagus-nerve,en-US,build-exact,glossary,indexable-candidate,src/app/(en)/glossary/[slug]/page.tsx,P2,P2_QUEUE,,,Public exact route retained for post-launch German prioritization
/glossary/auricular-vagus-nerve-stimulation,en-US,build-exact,glossary,indexable-candidate,src/app/(en)/glossary/[slug]/page.tsx,P2,P2_QUEUE,,,Public exact route retained for post-launch German prioritization
/glossary/autonomic-nervous-system,en-US,build-exact,glossary,indexable-candidate,src/app/(en)/glossary/[slug]/page.tsx,P2,P2_QUEUE,,,Public exact route retained for post-launch German prioritization
/glossary/cavum-conchae,en-US,build-exact,glossary,indexable-candidate,src/app/(en)/glossary/[slug]/page.tsx,P2,P2_QUEUE,,,Public exact route retained for post-launch German prioritization
/glossary/certainty-of-evidence,en-US,build-exact,glossary,indexable-candidate,src/app/(en)/glossary/[slug]/page.tsx,P2,P2_QUEUE,,,Public exact route retained for post-launch German prioritization
/glossary/cervical-non-invasive-vagus-nerve-stimulation,en-US,build-exact,glossary,indexable-candidate,src/app/(en)/glossary/[slug]/page.tsx,P2,P2_QUEUE,,,Public exact route retained for post-launch German prioritization
/glossary/contraindication,en-US,build-exact,glossary,indexable-candidate,src/app/(en)/glossary/[slug]/page.tsx,P2,P2_QUEUE,,,Public exact route retained for post-launch German prioritization
/glossary/cymba-conchae,en-US,build-exact,glossary,indexable-candidate,src/app/(en)/glossary/[slug]/page.tsx,P2,P2_QUEUE,,,Public exact route retained for post-launch German prioritization
/glossary/duty-cycle,en-US,build-exact,glossary,indexable-candidate,src/app/(en)/glossary/[slug]/page.tsx,P2,P2_QUEUE,,,Public exact route retained for post-launch German prioritization
/glossary/earlobe,en-US,build-exact,glossary,indexable-candidate,src/app/(en)/glossary/[slug]/page.tsx,P2,P2_QUEUE,,,Public exact route retained for post-launch German prioritization
/glossary/electrode,en-US,build-exact,glossary,indexable-candidate,src/app/(en)/glossary/[slug]/page.tsx,P2,P2_QUEUE,,,Public exact route retained for post-launch German prioritization
/glossary/heart-rate-variability,en-US,build-exact,glossary,indexable-candidate,src/app/(en)/glossary/[slug]/page.tsx,P2,P2_QUEUE,,,Public exact route retained for post-launch German prioritization
/glossary/implanted-vagus-nerve-stimulation,en-US,build-exact,glossary,indexable-candidate,src/app/(en)/glossary/[slug]/page.tsx,P2,P2_QUEUE,,,Public exact route retained for post-launch German prioritization
/glossary/intended-use,en-US,build-exact,legal-regulatory,indexable-candidate,src/app/(en)/glossary/[slug]/page.tsx,P0,P2_QUEUE,,,Public exact route retained for post-launch German prioritization
/glossary/meta-analysis,en-US,build-exact,glossary,indexable-candidate,src/app/(en)/glossary/[slug]/page.tsx,P2,P2_QUEUE,,,Public exact route retained for post-launch German prioritization
/glossary/non-invasive-vagus-nerve-stimulation,en-US,build-exact,glossary,indexable-candidate,src/app/(en)/glossary/[slug]/page.tsx,P2,P1_SOURCE,de-glossary-non-invasive-vns,source,Source route for locked P1 concept de-glossary-non-invasive-vns
/glossary/parasympathetic-nervous-system,en-US,build-exact,glossary,indexable-candidate,src/app/(en)/glossary/[slug]/page.tsx,P2,P2_QUEUE,,,Public exact route retained for post-launch German prioritization
/glossary/precaution,en-US,build-exact,glossary,indexable-candidate,src/app/(en)/glossary/[slug]/page.tsx,P2,P2_QUEUE,,,Public exact route retained for post-launch German prioritization
/glossary/pulse-width,en-US,build-exact,glossary,indexable-candidate,src/app/(en)/glossary/[slug]/page.tsx,P2,P2_QUEUE,,,Public exact route retained for post-launch German prioritization
/glossary/randomized-controlled-trial,en-US,build-exact,glossary,indexable-candidate,src/app/(en)/glossary/[slug]/page.tsx,P2,P2_QUEUE,,,Public exact route retained for post-launch German prioritization
/glossary/serious-adverse-event,en-US,build-exact,glossary,indexable-candidate,src/app/(en)/glossary/[slug]/page.tsx,P2,P2_QUEUE,,,Public exact route retained for post-launch German prioritization
/glossary/session-duration,en-US,build-exact,glossary,indexable-candidate,src/app/(en)/glossary/[slug]/page.tsx,P2,P2_QUEUE,,,Public exact route retained for post-launch German prioritization
/glossary/sham-stimulation,en-US,build-exact,glossary,indexable-candidate,src/app/(en)/glossary/[slug]/page.tsx,P2,P2_QUEUE,,,Public exact route retained for post-launch German prioritization
/glossary/stimulation-frequency,en-US,build-exact,glossary,indexable-candidate,src/app/(en)/glossary/[slug]/page.tsx,P2,P2_QUEUE,,,Public exact route retained for post-launch German prioritization
/glossary/stimulation-intensity,en-US,build-exact,glossary,indexable-candidate,src/app/(en)/glossary/[slug]/page.tsx,P2,P2_QUEUE,,,Public exact route retained for post-launch German prioritization
/glossary/stimulation-site,en-US,build-exact,glossary,indexable-candidate,src/app/(en)/glossary/[slug]/page.tsx,P2,P2_QUEUE,,,Public exact route retained for post-launch German prioritization
/glossary/sympathetic-nervous-system,en-US,build-exact,glossary,indexable-candidate,src/app/(en)/glossary/[slug]/page.tsx,P2,P2_QUEUE,,,Public exact route retained for post-launch German prioritization
/glossary/systematic-review,en-US,build-exact,glossary,indexable-candidate,src/app/(en)/glossary/[slug]/page.tsx,P2,P2_QUEUE,,,Public exact route retained for post-launch German prioritization
/glossary/target-engagement,en-US,build-exact,glossary,indexable-candidate,src/app/(en)/glossary/[slug]/page.tsx,P2,P2_QUEUE,,,Public exact route retained for post-launch German prioritization
/glossary/tolerability,en-US,build-exact,glossary,indexable-candidate,src/app/(en)/glossary/[slug]/page.tsx,P2,P2_QUEUE,,,Public exact route retained for post-launch German prioritization
/glossary/tragus,en-US,build-exact,glossary,indexable-candidate,src/app/(en)/glossary/[slug]/page.tsx,P2,P2_QUEUE,,,Public exact route retained for post-launch German prioritization
/glossary/transcutaneous-auricular-vagus-nerve-stimulation,en-US,build-exact,glossary,indexable-candidate,src/app/(en)/glossary/[slug]/page.tsx,P2,P1_SOURCE,de-glossary-tavns,source,Source route for locked P1 concept de-glossary-tavns
/glossary/transcutaneous-vagus-nerve-stimulation,en-US,build-exact,glossary,indexable-candidate,src/app/(en)/glossary/[slug]/page.tsx,P2,P2_QUEUE,,,Public exact route retained for post-launch German prioritization
/glossary/vagal-tone,en-US,build-exact,glossary,indexable-candidate,src/app/(en)/glossary/[slug]/page.tsx,P2,P2_QUEUE,,,Public exact route retained for post-launch German prioritization
/glossary/vagus-nerve,en-US,build-exact,glossary,indexable-candidate,src/app/(en)/glossary/[slug]/page.tsx,P2,P1_SOURCE,de-glossary-vagus-nerve,source,Source route for locked P1 concept de-glossary-vagus-nerve
/glossary/vagus-nerve-stimulation,en-US,build-exact,glossary,indexable-candidate,src/app/(en)/glossary/[slug]/page.tsx,P2,P1_SOURCE,de-glossary-vns,source,Source route for locked P1 concept de-glossary-vns
/glossary/waveform,en-US,build-exact,glossary,indexable-candidate,src/app/(en)/glossary/[slug]/page.tsx,P2,P2_QUEUE,,,Public exact route retained for post-launch German prioritization
/how-it-works,en-US,build-exact,commercial,indexable-candidate,src/app/(en)/how-it-works/page.tsx,P0,P0_SOURCE,de-how-it-works,source,Source route for locked P0 concept de-how-it-works
/how-to-use,en-US,build-exact,commercial,indexable-candidate,src/app/(en)/how-to-use/page.tsx,P0,P0_SOURCE,de-how-to-use,source,Source route for locked P0 concept de-how-to-use
/learn,en-US,build-exact,knowledge,indexable-candidate,src/app/(en)/learn/page.tsx,P1,P1_SOURCE,de-learn-hub,source,Source route for locked P1 concept de-learn-hub
/learn/auricular-vagus-nerve-stimulation,en-US,build-exact,knowledge,indexable-candidate,src/app/(en)/learn/auricular-vagus-nerve-stimulation/page.tsx,P1,P1_SOURCE,de-auricular-vns,source,Source route for locked P1 concept de-auricular-vns
/learn/ear-vs-neck-vagus-nerve-stimulation,en-US,build-exact,knowledge,indexable-candidate,src/app/(en)/learn/ear-vs-neck-vagus-nerve-stimulation/page.tsx,P1,P1_SOURCE,de-ear-vs-neck-vns,source,Source route for locked P1 concept de-ear-vs-neck-vns
/learn/emotional-regulation-and-the-nervous-system,en-US,build-exact,knowledge,indexable-candidate,src/app/(en)/learn/emotional-regulation-and-the-nervous-system/page.tsx,P2,P2_QUEUE,,,Public exact route retained for post-launch German prioritization
/learn/fight-flight-freeze,en-US,build-exact,knowledge,indexable-candidate,src/app/(en)/learn/fight-flight-freeze/page.tsx,P2,P2_QUEUE,,,Public exact route retained for post-launch German prioritization
/learn/how-to-calm-your-nervous-system,en-US,build-exact,knowledge,indexable-candidate,src/app/(en)/learn/how-to-calm-your-nervous-system/page.tsx,P2,P2_QUEUE,,,Public exact route retained for post-launch German prioritization
/learn/how-to-choose-a-vagus-nerve-stimulation-device,en-US,build-exact,knowledge,indexable-candidate,src/app/(en)/learn/how-to-choose-a-vagus-nerve-stimulation-device/page.tsx,P1,P1_SOURCE,de-choose-vns-device,source,Source route for locked P1 concept de-choose-vns-device
/learn/nervous-system-regulation,en-US,build-exact,knowledge,indexable-candidate,src/app/(en)/learn/nervous-system-regulation/page.tsx,P2,P2_QUEUE,,,Public exact route retained for post-launch German prioritization
/learn/non-invasive-vagus-nerve-stimulation,en-US,build-exact,knowledge,indexable-candidate,src/app/(en)/learn/non-invasive-vagus-nerve-stimulation/page.tsx,P1,P1_SOURCE,de-non-invasive-vns,source,Source route for locked P1 concept de-non-invasive-vns
/learn/parasympathetic-nervous-system,en-US,build-exact,knowledge,indexable-candidate,src/app/(en)/learn/parasympathetic-nervous-system/page.tsx,P2,P2_QUEUE,,,Public exact route retained for post-launch German prioritization
/learn/recovery-and-regulation,en-US,build-exact,knowledge,indexable-candidate,src/app/(en)/learn/recovery-and-regulation/page.tsx,P2,P2_QUEUE,,,Public exact route retained for post-launch German prioritization
/learn/signs-of-a-dysregulated-nervous-system,en-US,build-exact,knowledge,indexable-candidate,src/app/(en)/learn/signs-of-a-dysregulated-nervous-system/page.tsx,P2,P2_QUEUE,,,Public exact route retained for post-launch German prioritization
/learn/transcutaneous-vagus-nerve-stimulation,en-US,build-exact,knowledge,indexable-candidate,src/app/(en)/learn/transcutaneous-vagus-nerve-stimulation/page.tsx,P1,P1_SOURCE,de-transcutaneous-vns,source,Source route for locked P1 concept de-transcutaneous-vns
/learn/vagal-tone,en-US,build-exact,knowledge,indexable-candidate,src/app/(en)/learn/vagal-tone/page.tsx,P2,P2_QUEUE,,,Public exact route retained for post-launch German prioritization
/learn/vagus-nerve,en-US,build-exact,knowledge,indexable-candidate,src/app/(en)/learn/vagus-nerve/page.tsx,P1,P1_SOURCE,de-vagus-nerve,source,Source route for locked P1 concept de-vagus-nerve
/learn/vagus-nerve-stimulation,en-US,build-exact,knowledge,indexable-candidate,src/app/(en)/learn/vagus-nerve-stimulation/page.tsx,P1,P1_SOURCE,de-vagus-nerve-stimulation,source,Source route for locked P1 concept de-vagus-nerve-stimulation
/learn/what-nervous-system-regulation-feels-like,en-US,build-exact,knowledge,indexable-candidate,src/app/(en)/learn/what-nervous-system-regulation-feels-like/page.tsx,P2,P2_QUEUE,,,Public exact route retained for post-launch German prioritization
/learn/why-you-feel-tired-but-cant-relax,en-US,build-exact,knowledge,indexable-candidate,src/app/(en)/learn/why-you-feel-tired-but-cant-relax/page.tsx,P2,P2_QUEUE,,,Public exact route retained for post-launch German prioritization
/learn/why-your-body-feels-stuck-in-stress,en-US,build-exact,knowledge,indexable-candidate,src/app/(en)/learn/why-your-body-feels-stuck-in-stress/page.tsx,P2,P2_QUEUE,,,Public exact route retained for post-launch German prioritization
/legal,en-US,build-exact,legal-regulatory,indexable-candidate,src/app/(en)/legal/page.tsx,P0,P0_SOURCE,de-legal-hub,source,Source route for locked P0 concept de-legal-hub
/legal/ce-compliance,en-US,build-exact,legal-regulatory,indexable-candidate,src/app/(en)/legal/ce-compliance/page.tsx,P0,P0_SOURCE,de-ce-compliance,source,Source route for locked P0 concept de-ce-compliance
/legal/fda-status,en-US,build-exact,legal-regulatory,indexable-candidate,src/app/(en)/legal/fda-status/page.tsx,P0,DE_HOLD_MARKET_SPECIFIC,,,US/FDA-specific content; not part of Germany launch
/legal/intended-use,en-US,build-exact,legal-regulatory,indexable-candidate,src/app/(en)/legal/intended-use/page.tsx,P0,P0_SOURCE,de-intended-use,source,Source route for locked P0 concept de-intended-use
/legal/medical-disclaimer,en-US,build-exact,legal-regulatory,indexable-candidate,src/app/(en)/legal/medical-disclaimer/page.tsx,P0,P0_SOURCE,de-medical-disclaimer,source,Source route for locked P0 concept de-medical-disclaimer
/legal/privacy-policy,en-US,build-exact,legal-regulatory,indexable-candidate,src/app/(en)/legal/privacy-policy/page.tsx,P0,P0_SOURCE,de-privacy,source,Source route for locked P0 concept de-privacy
/legal/regulatory,en-US,build-exact,legal-regulatory,indexable-candidate,src/app/(en)/legal/regulatory/page.tsx,P0,P0_SOURCE,de-regulatory-information,source,Source route for locked P0 concept de-regulatory-information
/legal/terms-of-service,en-US,build-exact,legal-regulatory,indexable-candidate,src/app/(en)/legal/terms-of-service/page.tsx,P0,P0_SOURCE,de-terms,source,Source route for locked P0 concept de-terms
/legal/trust-safety,en-US,build-exact,legal-regulatory,indexable-candidate,src/app/(en)/legal/trust-safety/page.tsx,P0,P0_SOURCE,de-trust-safety,source,Source route for locked P0 concept de-trust-safety
/login,en-US,build-exact,private-app,private-route,src/app/(en)/login/page.tsx,EXCLUDE,EXCLUDE_PRIVATE_OR_TECHNICAL,,,"Private, account, API or technical route outside public German launch"
/no,nb-NO,build-exact,home,indexable-candidate,src/app/(no)/no/page.tsx,P0,P0_REFERENCE,de-home,reference,Reference route for locked P0 concept de-home
/no/app,nb-NO,build-exact,commercial,indexable-candidate,src/app/(no)/no/app/page.tsx,P0,P0_REFERENCE,de-app,reference,Reference route for locked P0 concept de-app
/no/forskning,nb-NO,build-exact,research,indexable-candidate,src/app/(no)/no/forskning/page.tsx,P1,P1_REFERENCE,de-research-hub,reference,Reference route for locked P1 concept de-research-hub
/no/forskning/[slug],nb-NO,source-dynamic-pattern,research,indexable-candidate,src/app/(no)/no/forskning/[slug]/page.tsx,P2,TEMPLATE_INFRASTRUCTURE,,,Dynamic route template; exact generated pages are classified separately
/no/forskning/aurikulaer-vagusnervestimulering,nb-NO,build-exact,research,indexable-candidate,src/app/(no)/no/forskning/[slug]/page.tsx,P2,P1_REFERENCE,de-research-auricular-vns,reference,Reference route for locked P1 concept de-research-auricular-vns
/no/forskning/sikkerhet-og-tolerabilitet,nb-NO,build-exact,research,indexable-candidate,src/app/(no)/no/forskning/[slug]/page.tsx,P2,P1_REFERENCE,de-research-safety,reference,Reference route for locked P1 concept de-research-safety
/no/forskning/transkutan-vagusnervestimulering,nb-NO,build-exact,research,indexable-candidate,src/app/(no)/no/forskning/[slug]/page.tsx,P2,P1_REFERENCE,de-research-tvns,reference,Reference route for locked P1 concept de-research-tvns
/no/forskning/vagusnervestimulering,nb-NO,build-exact,research,indexable-candidate,src/app/(no)/no/forskning/[slug]/page.tsx,P2,P1_REFERENCE,de-research-vns,reference,Reference route for locked P1 concept de-research-vns
/no/juridisk,nb-NO,build-exact,legal-regulatory,indexable-candidate,src/app/(no)/no/juridisk/page.tsx,P0,P0_REFERENCE,de-legal-hub,reference,Reference route for locked P0 concept de-legal-hub
/no/juridisk/ce-samsvar,nb-NO,build-exact,legal-regulatory,indexable-candidate,src/app/(no)/no/juridisk/ce-samsvar/page.tsx,P0,P0_REFERENCE,de-ce-compliance,reference,Reference route for locked P0 concept de-ce-compliance
/no/juridisk/fda-status,nb-NO,build-exact,legal-regulatory,indexable-candidate,src/app/(no)/no/juridisk/fda-status/page.tsx,P0,DE_HOLD_MARKET_SPECIFIC,,,US/FDA-specific content; not part of Germany launch
/no/juridisk/medisinsk-ansvarsfraskrivelse,nb-NO,build-exact,legal-regulatory,indexable-candidate,src/app/(no)/no/juridisk/medisinsk-ansvarsfraskrivelse/page.tsx,P0,P0_REFERENCE,de-medical-disclaimer,reference,Reference route for locked P0 concept de-medical-disclaimer
/no/juridisk/personvern,nb-NO,build-exact,legal-regulatory,indexable-candidate,src/app/(no)/no/juridisk/personvern/page.tsx,P0,P0_REFERENCE,de-privacy,reference,Reference route for locked P0 concept de-privacy
/no/juridisk/regulatorisk,nb-NO,build-exact,legal-regulatory,indexable-candidate,src/app/(no)/no/juridisk/regulatorisk/page.tsx,P0,P0_REFERENCE,de-regulatory-information,reference,Reference route for locked P0 concept de-regulatory-information
/no/juridisk/tillit-og-sikkerhet,nb-NO,build-exact,legal-regulatory,indexable-candidate,src/app/(no)/no/juridisk/tillit-og-sikkerhet/page.tsx,P0,P0_REFERENCE,de-trust-safety,reference,Reference route for locked P0 concept de-trust-safety
/no/juridisk/tiltenkt-bruk,nb-NO,build-exact,legal-regulatory,indexable-candidate,src/app/(no)/no/juridisk/tiltenkt-bruk/page.tsx,P0,P0_REFERENCE,de-intended-use,reference,Reference route for locked P0 concept de-intended-use
/no/juridisk/vilkar,nb-NO,build-exact,legal-regulatory,indexable-candidate,src/app/(no)/no/juridisk/vilkar/page.tsx,P0,P0_REFERENCE,de-terms,reference,Reference route for locked P0 concept de-terms
/no/kunnskap,nb-NO,build-exact,knowledge,indexable-candidate,src/app/(no)/no/kunnskap/page.tsx,P1,P1_REFERENCE,de-learn-hub,reference,Reference route for locked P1 concept de-learn-hub
/no/kunnskap/[slug],nb-NO,source-dynamic-pattern,knowledge,indexable-candidate,src/app/(no)/no/kunnskap/[slug]/page.tsx,P2,TEMPLATE_INFRASTRUCTURE,,,Dynamic route template; exact generated pages are classified separately
/no/kunnskap/aurikulaer-vagusnervestimulering,nb-NO,build-exact,knowledge,indexable-candidate,src/app/(no)/no/kunnskap/[slug]/page.tsx,P1,P1_REFERENCE,de-auricular-vns,reference,Reference route for locked P1 concept de-auricular-vns
/no/kunnskap/bivirkninger-ved-ikke-invasiv-vagusnervestimulering,nb-NO,build-exact,knowledge,indexable-candidate,src/app/(no)/no/kunnskap/[slug]/page.tsx,P1,P1_SOURCE,de-non-invasive-vns-side-effects,source,Source route for locked P1 concept de-non-invasive-vns-side-effects
/no/kunnskap/det-autonome-nervesystemet,nb-NO,build-exact,knowledge,indexable-candidate,src/app/(no)/no/kunnskap/[slug]/page.tsx,P2,P2_QUEUE,,,Public exact route retained for post-launch German prioritization
/no/kunnskap/det-parasympatiske-nervesystemet,nb-NO,build-exact,knowledge,indexable-candidate,src/app/(no)/no/kunnskap/[slug]/page.tsx,P2,P2_QUEUE,,,Public exact route retained for post-launch German prioritization
/no/kunnskap/er-vagusnervestimulering-trygt,nb-NO,build-exact,knowledge,indexable-candidate,src/app/(no)/no/kunnskap/[slug]/page.tsx,P1,P1_SOURCE,de-is-vns-safe,source,Source route for locked P1 concept de-is-vns-safe
/no/kunnskap/hrv-og-vagusnerven,nb-NO,build-exact,knowledge,indexable-candidate,src/app/(no)/no/kunnskap/[slug]/page.tsx,P1,P2_QUEUE,,,Public exact route retained for post-launch German prioritization
/no/kunnskap/hvem-bor-vaere-forsiktig-med-vagusnervestimulering,nb-NO,build-exact,knowledge,indexable-candidate,src/app/(no)/no/kunnskap/[slug]/page.tsx,P1,P1_SOURCE,de-vns-caution,source,Source route for locked P1 concept de-vns-caution
/no/kunnskap/hvordan-roe-ned-nervesystemet,nb-NO,build-exact,knowledge,indexable-candidate,src/app/(no)/no/kunnskap/[slug]/page.tsx,P2,P2_QUEUE,,,Public exact route retained for post-launch German prioritization
/no/kunnskap/hvordan-velge-vagusnervestimulator,nb-NO,build-exact,knowledge,indexable-candidate,src/app/(no)/no/kunnskap/hvordan-velge-vagusnervestimulator/page.tsx,P2,P1_REFERENCE,de-choose-vns-device,reference,Reference route for locked P1 concept de-choose-vns-device
/no/kunnskap/ikke-invasiv-vagusnervestimulering,nb-NO,build-exact,knowledge,indexable-candidate,src/app/(no)/no/kunnskap/[slug]/page.tsx,P1,P1_REFERENCE,de-non-invasive-vns,reference,Reference route for locked P1 concept de-non-invasive-vns
/no/kunnskap/implantert-og-ikke-invasiv-vns,nb-NO,build-exact,knowledge,indexable-candidate,src/app/(no)/no/kunnskap/[slug]/page.tsx,P1,P1_SOURCE,de-implanted-vs-non-invasive-vns,source,Source route for locked P1 concept de-implanted-vs-non-invasive-vns
/no/kunnskap/orebasert-vs-halsbasert-vns,nb-NO,build-exact,knowledge,indexable-candidate,src/app/(no)/no/kunnskap/orebasert-vs-halsbasert-vns/page.tsx,P2,P1_REFERENCE,de-ear-vs-neck-vns,reference,Reference route for locked P1 concept de-ear-vs-neck-vns
/no/kunnskap/orets-anatomi-og-vagusnerven,nb-NO,build-exact,knowledge,indexable-candidate,src/app/(no)/no/kunnskap/[slug]/page.tsx,P1,P1_SOURCE,de-ear-anatomy-vagus,source,Source route for locked P1 concept de-ear-anatomy-vagus
/no/kunnskap/regulering-av-nervesystemet,nb-NO,build-exact,knowledge,indexable-candidate,src/app/(no)/no/kunnskap/[slug]/page.tsx,P2,P2_QUEUE,,,Public exact route retained for post-launch German prioritization
/no/kunnskap/transkutan-vagusnervestimulering,nb-NO,build-exact,knowledge,indexable-candidate,src/app/(no)/no/kunnskap/[slug]/page.tsx,P1,P1_REFERENCE,de-transcutaneous-vns,reference,Reference route for locked P1 concept de-transcutaneous-vns
/no/kunnskap/vagal-tone,nb-NO,build-exact,knowledge,indexable-candidate,src/app/(no)/no/kunnskap/[slug]/page.tsx,P2,P2_QUEUE,,,Public exact route retained for post-launch German prioritization
/no/kunnskap/vagusnerven,nb-NO,build-exact,knowledge,indexable-candidate,src/app/(no)/no/kunnskap/[slug]/page.tsx,P1,P1_REFERENCE,de-vagus-nerve,reference,Reference route for locked P1 concept de-vagus-nerve
/no/kunnskap/vagusnervestimulering,nb-NO,build-exact,knowledge,indexable-candidate,src/app/(no)/no/kunnskap/[slug]/page.tsx,P1,P1_REFERENCE,de-vagus-nerve-stimulation,reference,Reference route for locked P1 concept de-vagus-nerve-stimulation
/no/om-oss,nb-NO,build-exact,trust-support,indexable-candidate,src/app/(no)/no/om-oss/page.tsx,P0,P0_REFERENCE,de-about,reference,Reference route for locked P0 concept de-about
/no/ordliste,nb-NO,build-exact,glossary,indexable-candidate,src/app/(no)/no/ordliste/page.tsx,P2,P1_REFERENCE,de-glossary-hub,reference,Reference route for locked P1 concept de-glossary-hub
/no/ordliste/[slug],nb-NO,source-dynamic-pattern,glossary,indexable-candidate,src/app/(no)/no/ordliste/[slug]/page.tsx,P2,TEMPLATE_INFRASTRUCTURE,,,Dynamic route template; exact generated pages are classified separately
/no/ordliste/alvorlig-uonsket-hendelse,nb-NO,build-exact,glossary,indexable-candidate,src/app/(no)/no/ordliste/[slug]/page.tsx,P2,P2_QUEUE,,,Public exact route retained for post-launch German prioritization
/no/ordliste/aurikulaer-gren-av-vagusnerven,nb-NO,build-exact,glossary,indexable-candidate,src/app/(no)/no/ordliste/[slug]/page.tsx,P2,P2_QUEUE,,,Public exact route retained for post-launch German prioritization
/no/ordliste/aurikulaer-vagusnervestimulering,nb-NO,build-exact,glossary,indexable-candidate,src/app/(no)/no/ordliste/[slug]/page.tsx,P2,P2_QUEUE,,,Public exact route retained for post-launch German prioritization
/no/ordliste/bolgeform,nb-NO,build-exact,glossary,indexable-candidate,src/app/(no)/no/ordliste/[slug]/page.tsx,P2,P2_QUEUE,,,Public exact route retained for post-launch German prioritization
/no/ordliste/cavum-conchae,nb-NO,build-exact,glossary,indexable-candidate,src/app/(no)/no/ordliste/[slug]/page.tsx,P2,P2_QUEUE,,,Public exact route retained for post-launch German prioritization
/no/ordliste/cervikal-ikke-invasiv-vagusnervestimulering,nb-NO,build-exact,glossary,indexable-candidate,src/app/(no)/no/ordliste/[slug]/page.tsx,P2,P2_QUEUE,,,Public exact route retained for post-launch German prioritization
/no/ordliste/cymba-conchae,nb-NO,build-exact,glossary,indexable-candidate,src/app/(no)/no/ordliste/[slug]/page.tsx,P2,P2_QUEUE,,,Public exact route retained for post-launch German prioritization
/no/ordliste/det-autonome-nervesystemet,nb-NO,build-exact,glossary,indexable-candidate,src/app/(no)/no/ordliste/[slug]/page.tsx,P2,P2_QUEUE,,,Public exact route retained for post-launch German prioritization
/no/ordliste/det-parasympatiske-nervesystemet,nb-NO,build-exact,glossary,indexable-candidate,src/app/(no)/no/ordliste/[slug]/page.tsx,P2,P2_QUEUE,,,Public exact route retained for post-launch German prioritization
/no/ordliste/det-sympatiske-nervesystemet,nb-NO,build-exact,glossary,indexable-candidate,src/app/(no)/no/ordliste/[slug]/page.tsx,P2,P2_QUEUE,,,Public exact route retained for post-launch German prioritization
/no/ordliste/elektrode,nb-NO,build-exact,glossary,indexable-candidate,src/app/(no)/no/ordliste/[slug]/page.tsx,P2,P2_QUEUE,,,Public exact route retained for post-launch German prioritization
/no/ordliste/evidenssikkerhet,nb-NO,build-exact,glossary,indexable-candidate,src/app/(no)/no/ordliste/[slug]/page.tsx,P2,P2_QUEUE,,,Public exact route retained for post-launch German prioritization
/no/ordliste/forsiktighetsregel,nb-NO,build-exact,glossary,indexable-candidate,src/app/(no)/no/ordliste/[slug]/page.tsx,P2,P2_QUEUE,,,Public exact route retained for post-launch German prioritization
/no/ordliste/hjertefrekvensvariabilitet,nb-NO,build-exact,glossary,indexable-candidate,src/app/(no)/no/ordliste/[slug]/page.tsx,P2,P2_QUEUE,,,Public exact route retained for post-launch German prioritization
/no/ordliste/ikke-invasiv-vagusnervestimulering,nb-NO,build-exact,glossary,indexable-candidate,src/app/(no)/no/ordliste/[slug]/page.tsx,P2,P1_REFERENCE,de-glossary-non-invasive-vns,reference,Reference route for locked P1 concept de-glossary-non-invasive-vns
/no/ordliste/implantert-vagusnervestimulering,nb-NO,build-exact,glossary,indexable-candidate,src/app/(no)/no/ordliste/[slug]/page.tsx,P2,P2_QUEUE,,,Public exact route retained for post-launch German prioritization
/no/ordliste/kontraindikasjon,nb-NO,build-exact,glossary,indexable-candidate,src/app/(no)/no/ordliste/[slug]/page.tsx,P2,P2_QUEUE,,,Public exact route retained for post-launch German prioritization
/no/ordliste/metaanalyse,nb-NO,build-exact,glossary,indexable-candidate,src/app/(no)/no/ordliste/[slug]/page.tsx,P2,P2_QUEUE,,,Public exact route retained for post-launch German prioritization
/no/ordliste/oktvarighet,nb-NO,build-exact,glossary,indexable-candidate,src/app/(no)/no/ordliste/[slug]/page.tsx,P2,P2_QUEUE,,,Public exact route retained for post-launch German prioritization
/no/ordliste/oreflipp,nb-NO,build-exact,glossary,indexable-candidate,src/app/(no)/no/ordliste/[slug]/page.tsx,P2,P2_QUEUE,,,Public exact route retained for post-launch German prioritization
/no/ordliste/pulsbredde,nb-NO,build-exact,glossary,indexable-candidate,src/app/(no)/no/ordliste/[slug]/page.tsx,P2,P2_QUEUE,,,Public exact route retained for post-launch German prioritization
/no/ordliste/randomisert-kontrollert-studie,nb-NO,build-exact,glossary,indexable-candidate,src/app/(no)/no/ordliste/[slug]/page.tsx,P2,P2_QUEUE,,,Public exact route retained for post-launch German prioritization
/no/ordliste/sham-stimulering,nb-NO,build-exact,glossary,indexable-candidate,src/app/(no)/no/ordliste/[slug]/page.tsx,P2,P2_QUEUE,,,Public exact route retained for post-launch German prioritization
/no/ordliste/stimuleringsfrekvens,nb-NO,build-exact,glossary,indexable-candidate,src/app/(no)/no/ordliste/[slug]/page.tsx,P2,P2_QUEUE,,,Public exact route retained for post-launch German prioritization
/no/ordliste/stimuleringsintensitet,nb-NO,build-exact,glossary,indexable-candidate,src/app/(no)/no/ordliste/[slug]/page.tsx,P2,P2_QUEUE,,,Public exact route retained for post-launch German prioritization
/no/ordliste/stimuleringssted,nb-NO,build-exact,glossary,indexable-candidate,src/app/(no)/no/ordliste/[slug]/page.tsx,P2,P2_QUEUE,,,Public exact route retained for post-launch German prioritization
/no/ordliste/stimuleringssyklus,nb-NO,build-exact,glossary,indexable-candidate,src/app/(no)/no/ordliste/[slug]/page.tsx,P2,P2_QUEUE,,,Public exact route retained for post-launch German prioritization
/no/ordliste/systematisk-oversikt,nb-NO,build-exact,glossary,indexable-candidate,src/app/(no)/no/ordliste/[slug]/page.tsx,P2,P2_QUEUE,,,Public exact route retained for post-launch German prioritization
/no/ordliste/target-engagement,nb-NO,build-exact,glossary,indexable-candidate,src/app/(no)/no/ordliste/[slug]/page.tsx,P2,P2_QUEUE,,,Public exact route retained for post-launch German prioritization
/no/ordliste/tiltenkt-bruk,nb-NO,build-exact,legal-regulatory,indexable-candidate,src/app/(no)/no/ordliste/[slug]/page.tsx,P0,P2_QUEUE,,,Public exact route retained for post-launch German prioritization
/no/ordliste/tolerabilitet,nb-NO,build-exact,glossary,indexable-candidate,src/app/(no)/no/ordliste/[slug]/page.tsx,P2,P2_QUEUE,,,Public exact route retained for post-launch German prioritization
/no/ordliste/tragus,nb-NO,build-exact,glossary,indexable-candidate,src/app/(no)/no/ordliste/[slug]/page.tsx,P2,P2_QUEUE,,,Public exact route retained for post-launch German prioritization
/no/ordliste/transkutan-aurikulaer-vagusnervestimulering,nb-NO,build-exact,glossary,indexable-candidate,src/app/(no)/no/ordliste/[slug]/page.tsx,P2,P1_REFERENCE,de-glossary-tavns,reference,Reference route for locked P1 concept de-glossary-tavns
/no/ordliste/transkutan-vagusnervestimulering,nb-NO,build-exact,glossary,indexable-candidate,src/app/(no)/no/ordliste/[slug]/page.tsx,P2,P2_QUEUE,,,Public exact route retained for post-launch German prioritization
/no/ordliste/uonsket-hendelse,nb-NO,build-exact,glossary,indexable-candidate,src/app/(no)/no/ordliste/[slug]/page.tsx,P2,P2_QUEUE,,,Public exact route retained for post-launch German prioritization
/no/ordliste/vagal-tone,nb-NO,build-exact,glossary,indexable-candidate,src/app/(no)/no/ordliste/[slug]/page.tsx,P2,P2_QUEUE,,,Public exact route retained for post-launch German prioritization
/no/ordliste/vagusnerven,nb-NO,build-exact,glossary,indexable-candidate,src/app/(no)/no/ordliste/[slug]/page.tsx,P2,P1_REFERENCE,de-glossary-vagus-nerve,reference,Reference route for locked P1 concept de-glossary-vagus-nerve
/no/ordliste/vagusnervestimulering,nb-NO,build-exact,glossary,indexable-candidate,src/app/(no)/no/ordliste/[slug]/page.tsx,P2,P1_REFERENCE,de-glossary-vns,reference,Reference route for locked P1 concept de-glossary-vns
/no/product,nb-NO,build-exact,commercial,indexable-candidate,src/app/(no)/no/product/page.tsx,P0,EXCLUDE_REDIRECT,,,Redirect-only compatibility route; canonical Norwegian product is /no/produkt
/no/produkt,nb-NO,build-exact,commercial,indexable-candidate,src/app/(no)/no/produkt/page.tsx,P0,P0_REFERENCE,de-product,reference,Reference route for locked P0 concept de-product
/no/slik-fungerer-det,nb-NO,build-exact,other-public,indexable-candidate,src/app/(no)/no/slik-fungerer-det/page.tsx,P2,P0_REFERENCE,de-how-it-works,reference,Reference route for locked P0 concept de-how-it-works
/no/support,nb-NO,build-exact,trust-support,indexable-candidate,src/app/(no)/no/support/page.tsx,P0,P0_REFERENCE,de-support,reference,Reference route for locked P0 concept de-support
/no/tilstander,nb-NO,build-exact,conditions,indexable-candidate,src/app/(no)/no/tilstander/page.tsx,P2,P2_QUEUE,,,Public exact route retained for post-launch German prioritization
/no/tilstander/[slug],nb-NO,source-dynamic-pattern,conditions,indexable-candidate,src/app/(no)/no/tilstander/[slug]/page.tsx,P2,TEMPLATE_INFRASTRUCTURE,,,Dynamic route template; exact generated pages are classified separately
/no/tilstander/sovn,nb-NO,build-exact,conditions,indexable-candidate,src/app/(no)/no/tilstander/[slug]/page.tsx,P2,P2_QUEUE,,,Public exact route retained for post-launch German prioritization
/no/tilstander/stress,nb-NO,build-exact,conditions,indexable-candidate,src/app/(no)/no/tilstander/[slug]/page.tsx,P2,P2_QUEUE,,,Public exact route retained for post-launch German prioritization
/onboarding,en-US,build-exact,private-app,private-route,src/app/(en)/onboarding/page.tsx,EXCLUDE,EXCLUDE_PRIVATE_OR_TECHNICAL,,,"Private, account, API or technical route outside public German launch"
/open-app,en-US,build-exact,private-app,private-route,src/app/(en)/open-app/page.tsx,EXCLUDE,EXCLUDE_PRIVATE_OR_TECHNICAL,,,"Private, account, API or technical route outside public German launch"
/product,en-US,build-exact,commercial,indexable-candidate,src/app/(en)/product/page.tsx,P0,P0_SOURCE,de-product,source,Source route for locked P0 concept de-product
/research,en-US,build-exact,research,indexable-candidate,src/app/(en)/research/page.tsx,P1,P1_SOURCE,de-research-hub,source,Source route for locked P1 concept de-research-hub
/research/studies,en-US,build-exact,research,indexable-candidate,src/app/(en)/research/studies/page.tsx,P2,P2_QUEUE,,,Public exact route retained for post-launch German prioritization
/research/studies/borovikova-2000-vagus-nerve-inflammation,en-US,build-exact,research,indexable-candidate,src/app/(en)/research/studies/borovikova-2000-vagus-nerve-inflammation/page.tsx,P2,P2_QUEUE,,,Public exact route retained for post-launch German prioritization
/research/studies/de-oliveira-2025-tavns-insomnia-systematic-review-meta-analysis,en-US,build-exact,research,indexable-candidate,src/app/(en)/research/studies/de-oliveira-2025-tavns-insomnia-systematic-review-meta-analysis/page.tsx,P2,P2_QUEUE,,,Public exact route retained for post-launch German prioritization
/research/studies/frangos-2015-auricular-vagus-nerve-stimulation-fmri,en-US,build-exact,research,indexable-candidate,src/app/(en)/research/studies/frangos-2015-auricular-vagus-nerve-stimulation-fmri/page.tsx,P1,P1_SOURCE,de-study-frangos-2015,source,Source route for locked P1 concept de-study-frangos-2015
/research/studies/inflammatory-reflex-tracey-2002,en-US,build-exact,research,indexable-candidate,src/app/(en)/research/studies/inflammatory-reflex-tracey-2002/page.tsx,P2,P2_QUEUE,,,Public exact route retained for post-launch German prioritization
/research/studies/kim-2022-tavns-safety-systematic-review-meta-analysis,en-US,build-exact,research,indexable-candidate,src/app/(en)/research/studies/kim-2022-tavns-safety-systematic-review-meta-analysis/page.tsx,P2,P2_QUEUE,,,Public exact route retained for post-launch German prioritization
/research/studies/mayer-2011-gut-brain-axis,en-US,build-exact,research,indexable-candidate,src/app/(en)/research/studies/mayer-2011-gut-brain-axis/page.tsx,P2,P2_QUEUE,,,Public exact route retained for post-launch German prioritization
/research/studies/pavlov-tracey-2005-cholinergic-anti-inflammatory-pathway,en-US,build-exact,research,indexable-candidate,src/app/(en)/research/studies/pavlov-tracey-2005-cholinergic-anti-inflammatory-pathway/page.tsx,P2,P2_QUEUE,,,Public exact route retained for post-launch German prioritization
/research/studies/porges-1995-polyvagal-theory,en-US,build-exact,research,indexable-candidate,src/app/(en)/research/studies/porges-1995-polyvagal-theory/page.tsx,P2,P2_QUEUE,,,Public exact route retained for post-launch German prioritization
/research/studies/rush-2005-vagus-nerve-stimulation-depression,en-US,build-exact,research,indexable-candidate,src/app/(en)/research/studies/rush-2005-vagus-nerve-stimulation-depression/page.tsx,P2,P2_QUEUE,,,Public exact route retained for post-launch German prioritization
/research/studies/soltani-2023-tavns-heart-rate-variability-systematic-review,en-US,build-exact,research,indexable-candidate,src/app/(en)/research/studies/soltani-2023-tavns-heart-rate-variability-systematic-review/page.tsx,P2,P2_QUEUE,,,Public exact route retained for post-launch German prioritization
/research/studies/task-force-1996-heart-rate-variability-standards,en-US,build-exact,research,indexable-candidate,src/app/(en)/research/studies/task-force-1996-heart-rate-variability-standards/page.tsx,P2,P2_QUEUE,,,Public exact route retained for post-launch German prioritization
/research/studies/thayer-lane-2000-neurovisceral-integration,en-US,build-exact,research,indexable-candidate,src/app/(en)/research/studies/thayer-lane-2000-neurovisceral-integration/page.tsx,P2,P2_QUEUE,,,Public exact route retained for post-launch German prioritization
/research/topics,en-US,build-exact,research,indexable-candidate,src/app/(en)/research/topics/page.tsx,P1,P1_SOURCE,de-research-topics-hub,source,Source route for locked P1 concept de-research-topics-hub
/research/topics/auricular-vagus-nerve-stimulation,en-US,build-exact,research,indexable-candidate,src/app/(en)/research/topics/auricular-vagus-nerve-stimulation/page.tsx,P2,P1_SOURCE,de-research-auricular-vns,source,Source route for locked P1 concept de-research-auricular-vns
/research/topics/autonomic-regulation,en-US,build-exact,research,indexable-candidate,src/app/(en)/research/topics/autonomic-regulation/page.tsx,P2,P2_QUEUE,,,Public exact route retained for post-launch German prioritization
/research/topics/gut-brain-axis,en-US,build-exact,research,indexable-candidate,src/app/(en)/research/topics/gut-brain-axis/page.tsx,P2,P2_QUEUE,,,Public exact route retained for post-launch German prioritization
/research/topics/heart-rate-variability,en-US,build-exact,research,indexable-candidate,src/app/(en)/research/topics/heart-rate-variability/page.tsx,P2,P2_QUEUE,,,Public exact route retained for post-launch German prioritization
/research/topics/inflammation,en-US,build-exact,research,indexable-candidate,src/app/(en)/research/topics/inflammation/page.tsx,P2,P2_QUEUE,,,Public exact route retained for post-launch German prioritization
/research/topics/safety-and-tolerability,en-US,build-exact,research,indexable-candidate,src/app/(en)/research/topics/safety-and-tolerability/page.tsx,P2,P1_SOURCE,de-research-safety,source,Source route for locked P1 concept de-research-safety
/research/topics/transcutaneous-vagus-nerve-stimulation,en-US,build-exact,research,indexable-candidate,src/app/(en)/research/topics/transcutaneous-vagus-nerve-stimulation/page.tsx,P2,P1_SOURCE,de-research-tvns,source,Source route for locked P1 concept de-research-tvns
/research/topics/vagus-nerve-stimulation,en-US,build-exact,research,indexable-candidate,src/app/(en)/research/topics/vagus-nerve-stimulation/page.tsx,P2,P1_SOURCE,de-research-vns,source,Source route for locked P1 concept de-research-vns
/shop,en-US,build-exact,commercial,indexable-candidate,src/app/(en)/shop/page.tsx,P0,P0_SOURCE,de-shop,source,Source route for locked P0 concept de-shop
/signup,en-US,build-exact,private-app,private-route,src/app/(en)/signup/page.tsx,EXCLUDE,EXCLUDE_PRIVATE_OR_TECHNICAL,,,"Private, account, API or technical route outside public German launch"
/support,en-US,build-exact,trust-support,indexable-candidate,src/app/(en)/support/page.tsx,P0,P0_SOURCE,de-support,source,Source route for locked P0 concept de-support
/verify-email,en-US,build-exact,private-app,private-route,src/app/(en)/verify-email/page.tsx,EXCLUDE,EXCLUDE_PRIVATE_OR_TECHNICAL,,,"Private, account, API or technical route outside public German launch"
